{
  "type": "ranking",
  "k": 5,
  "hits_at": {
    "1": {
      "mean": 0.11666666666666667,
      "std": 0.07637626158259733,
      "values": [
        0.05,
        0.1,
        0.2
      ]
    },
    "2": {
      "mean": 0.18333333333333335,
      "std": 0.07637626158259733,
      "values": [
        0.1,
        0.25,
        0.2
      ]
    },
    "3": {
      "mean": 0.25,
      "std": 0.0,
      "values": [
        0.25,
        0.25,
        0.25
      ]
    },
    "4": {
      "mean": 0.26666666666666666,
      "std": 0.02886751345948128,
      "values": [
        0.3,
        0.25,
        0.25
      ]
    },
    "5": {
      "mean": 0.26666666666666666,
      "std": 0.02886751345948128,
      "values": [
        0.3,
        0.25,
        0.25
      ]
    }
  },
  "per_run": [
    {
      "total": 20,
      "k": 5,
      "hits_at": {
        "1": {
          "hits": 1,
          "accuracy": 0.05
        },
        "2": {
          "hits": 2,
          "accuracy": 0.1
        },
        "3": {
          "hits": 5,
          "accuracy": 0.25
        },
        "4": {
          "hits": 6,
          "accuracy": 0.3
        },
        "5": {
          "hits": 6,
          "accuracy": 0.3
        }
      }
    },
    {
      "total": 20,
      "k": 5,
      "hits_at": {
        "1": {
          "hits": 2,
          "accuracy": 0.1
        },
        "2": {
          "hits": 5,
          "accuracy": 0.25
        },
        "3": {
          "hits": 5,
          "accuracy": 0.25
        },
        "4": {
          "hits": 5,
          "accuracy": 0.25
        },
        "5": {
          "hits": 5,
          "accuracy": 0.25
        }
      }
    },
    {
      "total": 20,
      "k": 5,
      "hits_at": {
        "1": {
          "hits": 4,
          "accuracy": 0.2
        },
        "2": {
          "hits": 4,
          "accuracy": 0.2
        },
        "3": {
          "hits": 5,
          "accuracy": 0.25
        },
        "4": {
          "hits": 5,
          "accuracy": 0.25
        },
        "5": {
          "hits": 5,
          "accuracy": 0.25
        }
      }
    }
  ],
  "runs": 3,
  "method": "cot",
  "data": "yelp",
  "selection": "selection_1"
}