{
  "type": "ranking",
  "k": 5,
  "hits_at": {
    "1": {
      "mean": 0.09523809523809523,
      "std": 0.1649572197684645,
      "values": [
        0.2857142857142857,
        0.0,
        0.0
      ]
    },
    "2": {
      "mean": 0.19285714285714284,
      "std": 0.0804959119256046,
      "values": [
        0.2857142857142857,
        0.14285714285714285,
        0.15
      ]
    },
    "3": {
      "mean": 0.2571428571428571,
      "std": 0.15118578920369088,
      "values": [
        0.42857142857142855,
        0.14285714285714285,
        0.2
      ]
    },
    "4": {
      "mean": 0.2571428571428571,
      "std": 0.15118578920369088,
      "values": [
        0.42857142857142855,
        0.14285714285714285,
        0.2
      ]
    },
    "5": {
      "mean": 0.2738095238095238,
      "std": 0.14433756729740643,
      "values": [
        0.42857142857142855,
        0.14285714285714285,
        0.25
      ]
    }
  },
  "per_run": [
    {
      "total": 7,
      "k": 5,
      "hits_at": {
        "1": {
          "hits": 2,
          "accuracy": 0.2857142857142857
        },
        "2": {
          "hits": 2,
          "accuracy": 0.2857142857142857
        },
        "3": {
          "hits": 3,
          "accuracy": 0.42857142857142855
        },
        "4": {
          "hits": 3,
          "accuracy": 0.42857142857142855
        },
        "5": {
          "hits": 3,
          "accuracy": 0.42857142857142855
        }
      }
    },
    {
      "total": 7,
      "k": 5,
      "hits_at": {
        "1": {
          "hits": 0,
          "accuracy": 0.0
        },
        "2": {
          "hits": 1,
          "accuracy": 0.14285714285714285
        },
        "3": {
          "hits": 1,
          "accuracy": 0.14285714285714285
        },
        "4": {
          "hits": 1,
          "accuracy": 0.14285714285714285
        },
        "5": {
          "hits": 1,
          "accuracy": 0.14285714285714285
        }
      }
    },
    {
      "total": 20,
      "k": 5,
      "hits_at": {
        "1": {
          "hits": 0,
          "accuracy": 0.0
        },
        "2": {
          "hits": 3,
          "accuracy": 0.15
        },
        "3": {
          "hits": 4,
          "accuracy": 0.2
        },
        "4": {
          "hits": 4,
          "accuracy": 0.2
        },
        "5": {
          "hits": 5,
          "accuracy": 0.25
        }
      }
    }
  ],
  "runs": 3,
  "method": "cot",
  "data": "yelp",
  "selection": "selection_2",
  "attack": "clean"
}