{
  "type": "ranking",
  "k": 5,
  "hits_at": {
    "1": {
      "mean": 0.5909090909090909,
      "std": 0.0,
      "values": [
        0.5909090909090909
      ]
    },
    "2": {
      "mean": 0.6818181818181818,
      "std": 0.0,
      "values": [
        0.6818181818181818
      ]
    },
    "3": {
      "mean": 0.7272727272727273,
      "std": 0.0,
      "values": [
        0.7272727272727273
      ]
    },
    "4": {
      "mean": 0.7424242424242424,
      "std": 0.0,
      "values": [
        0.7424242424242424
      ]
    },
    "5": {
      "mean": 0.7878787878787878,
      "std": 0.0,
      "values": [
        0.7878787878787878
      ]
    }
  },
  "per_run": [
    {
      "total": 66,
      "k": 5,
      "hits_at": {
        "1": {
          "hits": 39,
          "accuracy": 0.5909090909090909
        },
        "2": {
          "hits": 45,
          "accuracy": 0.6818181818181818
        },
        "3": {
          "hits": 48,
          "accuracy": 0.7272727272727273
        },
        "4": {
          "hits": 49,
          "accuracy": 0.7424242424242424
        },
        "5": {
          "hits": 52,
          "accuracy": 0.7878787878787878
        }
      }
    }
  ],
  "runs": 1,
  "method": "cot",
  "data": "philly_cafes",
  "model": null,
  "attack": "inject_hidden",
  "usage": {
    "total_calls": 66,
    "total_prompt_tokens": 9342504,
    "total_completion_tokens": 303131,
    "total_tokens": 9645635,
    "total_cost_usd": 1.583254,
    "total_latency_ms": 3570923.69,
    "mean_latency_per_run_ms": 3570923.69,
    "mean_cost_per_run": 1.583254,
    "per_run": [
      {
        "total_calls": 66,
        "total_prompt_tokens": 9342504,
        "total_completion_tokens": 303131,
        "total_tokens": 9645635,
        "total_cost_usd": 1.583254,
        "total_latency_ms": 3570923.69,
        "avg_latency_ms": 54104.9,
        "by_model": {
          "gpt-5-nano": {
            "calls": 66,
            "prompt_tokens": 9342504,
            "completion_tokens": 303131,
            "cost_usd": 1.583254
          }
        }
      }
    ]
  }
}