{
  "type": "ranking",
  "k": 5,
  "hits_at": {
    "1": {
      "mean": 0.6515151515151515,
      "std": 0.0,
      "values": [
        0.6515151515151515
      ]
    },
    "2": {
      "mean": 0.7424242424242424,
      "std": 0.0,
      "values": [
        0.7424242424242424
      ]
    },
    "3": {
      "mean": 0.8333333333333334,
      "std": 0.0,
      "values": [
        0.8333333333333334
      ]
    },
    "4": {
      "mean": 0.8333333333333334,
      "std": 0.0,
      "values": [
        0.8333333333333334
      ]
    },
    "5": {
      "mean": 0.8636363636363636,
      "std": 0.0,
      "values": [
        0.8636363636363636
      ]
    }
  },
  "per_run": [
    {
      "total": 66,
      "k": 5,
      "hits_at": {
        "1": {
          "hits": 43,
          "accuracy": 0.6515151515151515
        },
        "2": {
          "hits": 49,
          "accuracy": 0.7424242424242424
        },
        "3": {
          "hits": 55,
          "accuracy": 0.8333333333333334
        },
        "4": {
          "hits": 55,
          "accuracy": 0.8333333333333334
        },
        "5": {
          "hits": 57,
          "accuracy": 0.8636363636363636
        }
      }
    }
  ],
  "runs": 1,
  "method": "cot",
  "data": "philly_cafes",
  "model": null,
  "attack": "inject_manipulation",
  "usage": {
    "total_calls": 66,
    "total_prompt_tokens": 9338650,
    "total_completion_tokens": 304032,
    "total_tokens": 9642682,
    "total_cost_usd": 1.583217,
    "total_latency_ms": 3118456.99,
    "mean_latency_per_run_ms": 3118456.99,
    "mean_cost_per_run": 1.583217,
    "per_run": [
      {
        "total_calls": 66,
        "total_prompt_tokens": 9338650,
        "total_completion_tokens": 304032,
        "total_tokens": 9642682,
        "total_cost_usd": 1.583217,
        "total_latency_ms": 3118456.99,
        "avg_latency_ms": 47249.35,
        "by_model": {
          "gpt-5-nano": {
            "calls": 66,
            "prompt_tokens": 9338650,
            "completion_tokens": 304032,
            "cost_usd": 1.583217
          }
        }
      }
    ]
  }
}