{
  "type": "ranking",
  "k": 5,
  "hits_at": {
    "1": {
      "mean": 0.3684210526315789,
      "std": 0.0,
      "values": [
        0.3684210526315789
      ]
    },
    "2": {
      "mean": 0.3684210526315789,
      "std": 0.0,
      "values": [
        0.3684210526315789
      ]
    },
    "3": {
      "mean": 0.39473684210526316,
      "std": 0.0,
      "values": [
        0.39473684210526316
      ]
    },
    "4": {
      "mean": 0.39473684210526316,
      "std": 0.0,
      "values": [
        0.39473684210526316
      ]
    },
    "5": {
      "mean": 0.39473684210526316,
      "std": 0.0,
      "values": [
        0.39473684210526316
      ]
    }
  },
  "per_run": [
    {
      "total": 38,
      "k": 5,
      "hits_at": {
        "1": {
          "hits": 14,
          "accuracy": 0.3684210526315789
        },
        "2": {
          "hits": 14,
          "accuracy": 0.3684210526315789
        },
        "3": {
          "hits": 15,
          "accuracy": 0.39473684210526316
        },
        "4": {
          "hits": 15,
          "accuracy": 0.39473684210526316
        },
        "5": {
          "hits": 15,
          "accuracy": 0.39473684210526316
        }
      }
    }
  ],
  "runs": 1,
  "method": "cot",
  "data": "philly_cafes",
  "attack": "fake_positive",
  "usage": {
    "total_calls": 38,
    "total_prompt_tokens": 4002270,
    "total_completion_tokens": 136683,
    "total_tokens": 4138953,
    "total_cost_usd": 0.68235,
    "mean_cost_per_run": 0.68235,
    "per_run": [
      {
        "total_calls": 38,
        "total_prompt_tokens": 4002270,
        "total_completion_tokens": 136683,
        "total_tokens": 4138953,
        "total_cost_usd": 0.68235,
        "total_latency_ms": 1310464.65,
        "avg_latency_ms": 34485.91,
        "by_model": {
          "gpt-5-nano": {
            "calls": 38,
            "prompt_tokens": 4002270,
            "completion_tokens": 136683,
            "cost_usd": 0.68235
          }
        }
      }
    ]
  }
}