{
  "type": "ranking",
  "k": 5,
  "hits_at": {
    "1": {
      "mean": 0.3157894736842105,
      "std": 0.0,
      "values": [
        0.3157894736842105
      ]
    },
    "2": {
      "mean": 0.3684210526315789,
      "std": 0.0,
      "values": [
        0.3684210526315789
      ]
    },
    "3": {
      "mean": 0.3684210526315789,
      "std": 0.0,
      "values": [
        0.3684210526315789
      ]
    },
    "4": {
      "mean": 0.39473684210526316,
      "std": 0.0,
      "values": [
        0.39473684210526316
      ]
    },
    "5": {
      "mean": 0.39473684210526316,
      "std": 0.0,
      "values": [
        0.39473684210526316
      ]
    }
  },
  "per_run": [
    {
      "total": 38,
      "k": 5,
      "hits_at": {
        "1": {
          "hits": 12,
          "accuracy": 0.3157894736842105
        },
        "2": {
          "hits": 14,
          "accuracy": 0.3684210526315789
        },
        "3": {
          "hits": 14,
          "accuracy": 0.3684210526315789
        },
        "4": {
          "hits": 15,
          "accuracy": 0.39473684210526316
        },
        "5": {
          "hits": 15,
          "accuracy": 0.39473684210526316
        }
      }
    }
  ],
  "runs": 1,
  "method": "cot",
  "data": "philly_cafes",
  "attack": "sarcastic_all",
  "usage": {
    "total_calls": 38,
    "total_prompt_tokens": 3983439,
    "total_completion_tokens": 138008,
    "total_tokens": 4121447,
    "total_cost_usd": 0.680321,
    "mean_cost_per_run": 0.680321,
    "per_run": [
      {
        "total_calls": 38,
        "total_prompt_tokens": 3983439,
        "total_completion_tokens": 138008,
        "total_tokens": 4121447,
        "total_cost_usd": 0.680321,
        "total_latency_ms": 1411011.65,
        "avg_latency_ms": 37131.89,
        "by_model": {
          "gpt-5-nano": {
            "calls": 38,
            "prompt_tokens": 3983439,
            "completion_tokens": 138008,
            "cost_usd": 0.680321
          }
        }
      }
    ]
  }
}