{
  "type": "ranking",
  "k": 5,
  "hits_at": {
    "1": {
      "mean": 0.07894736842105263,
      "std": 0.0,
      "values": [
        0.07894736842105263
      ]
    },
    "2": {
      "mean": 0.2894736842105263,
      "std": 0.0,
      "values": [
        0.2894736842105263
      ]
    },
    "3": {
      "mean": 0.2894736842105263,
      "std": 0.0,
      "values": [
        0.2894736842105263
      ]
    },
    "4": {
      "mean": 0.34210526315789475,
      "std": 0.0,
      "values": [
        0.34210526315789475
      ]
    },
    "5": {
      "mean": 0.42105263157894735,
      "std": 0.0,
      "values": [
        0.42105263157894735
      ]
    }
  },
  "per_run": [
    {
      "total": 38,
      "k": 5,
      "hits_at": {
        "1": {
          "hits": 3,
          "accuracy": 0.07894736842105263
        },
        "2": {
          "hits": 11,
          "accuracy": 0.2894736842105263
        },
        "3": {
          "hits": 11,
          "accuracy": 0.2894736842105263
        },
        "4": {
          "hits": 13,
          "accuracy": 0.34210526315789475
        },
        "5": {
          "hits": 16,
          "accuracy": 0.42105263157894735
        }
      }
    }
  ],
  "runs": 1,
  "method": "anot",
  "data": "philly_cafes",
  "attack": "clean",
  "usage": {
    "total_calls": 577,
    "total_prompt_tokens": 122746,
    "total_completion_tokens": 338009,
    "total_tokens": 460755,
    "total_cost_usd": 0.221217,
    "mean_cost_per_run": 0.221217,
    "per_run": [
      {
        "total_calls": 577,
        "total_prompt_tokens": 122746,
        "total_completion_tokens": 338009,
        "total_tokens": 460755,
        "total_cost_usd": 0.221217,
        "total_latency_ms": 19561353.79,
        "avg_latency_ms": 33901.83,
        "by_model": {
          "gpt-5-nano": {
            "calls": 577,
            "prompt_tokens": 122746,
            "completion_tokens": 338009,
            "cost_usd": 0.221217
          }
        }
      }
    ]
  }
}