{
  "type": "ranking",
  "k": 5,
  "hits_at": {
    "1": {
      "mean": 0.32727272727272727,
      "std": 0.0,
      "values": [
        0.32727272727272727
      ]
    },
    "2": {
      "mean": 0.4,
      "std": 0.0,
      "values": [
        0.4
      ]
    },
    "3": {
      "mean": 0.45454545454545453,
      "std": 0.0,
      "values": [
        0.45454545454545453
      ]
    },
    "4": {
      "mean": 0.5454545454545454,
      "std": 0.0,
      "values": [
        0.5454545454545454
      ]
    },
    "5": {
      "mean": 0.6181818181818182,
      "std": 0.0,
      "values": [
        0.6181818181818182
      ]
    }
  },
  "per_run": [
    {
      "total": 55,
      "k": 5,
      "hits_at": {
        "1": {
          "hits": 18,
          "accuracy": 0.32727272727272727
        },
        "2": {
          "hits": 22,
          "accuracy": 0.4
        },
        "3": {
          "hits": 25,
          "accuracy": 0.45454545454545453
        },
        "4": {
          "hits": 30,
          "accuracy": 0.5454545454545454
        },
        "5": {
          "hits": 34,
          "accuracy": 0.6181818181818182
        }
      }
    }
  ],
  "runs": 1,
  "method": "anot",
  "data": "philly_cafes",
  "attack": "clean",
  "usage": {
    "total_calls": 619,
    "total_prompt_tokens": 1383552,
    "total_completion_tokens": 660071,
    "total_tokens": 2043623,
    "total_cost_usd": 0.603575,
    "mean_cost_per_run": 0.603575,
    "per_run": [
      {
        "total_calls": 619,
        "total_prompt_tokens": 1383552,
        "total_completion_tokens": 660071,
        "total_tokens": 2043623,
        "total_cost_usd": 0.603575,
        "total_latency_ms": 6319922.29,
        "avg_latency_ms": 10209.89,
        "by_model": {
          "gpt-5-nano": {
            "calls": 619,
            "prompt_tokens": 1383552,
            "completion_tokens": 660071,
            "cost_usd": 0.603575
          }
        }
      }
    ]
  }
}