{
  "type": "ranking",
  "k": 5,
  "hits_at": {
    "1": {
      "mean": 0.10909090909090909,
      "std": 0.0,
      "values": [
        0.10909090909090909
      ]
    },
    "2": {
      "mean": 0.18181818181818182,
      "std": 0.0,
      "values": [
        0.18181818181818182
      ]
    },
    "3": {
      "mean": 0.23636363636363636,
      "std": 0.0,
      "values": [
        0.23636363636363636
      ]
    },
    "4": {
      "mean": 0.4,
      "std": 0.0,
      "values": [
        0.4
      ]
    },
    "5": {
      "mean": 0.4727272727272727,
      "std": 0.0,
      "values": [
        0.4727272727272727
      ]
    }
  },
  "per_run": [
    {
      "total": 55,
      "k": 5,
      "hits_at": {
        "1": {
          "hits": 6,
          "accuracy": 0.10909090909090909
        },
        "2": {
          "hits": 10,
          "accuracy": 0.18181818181818182
        },
        "3": {
          "hits": 13,
          "accuracy": 0.23636363636363636
        },
        "4": {
          "hits": 22,
          "accuracy": 0.4
        },
        "5": {
          "hits": 26,
          "accuracy": 0.4727272727272727
        }
      }
    }
  ],
  "runs": 1,
  "method": "anot",
  "data": "philly_cafes",
  "attack": "clean",
  "usage": {
    "total_calls": 153,
    "total_prompt_tokens": 352046,
    "total_completion_tokens": 414808,
    "total_tokens": 766854,
    "total_cost_usd": 0.301692,
    "mean_cost_per_run": 0.301692,
    "per_run": [
      {
        "total_calls": 153,
        "total_prompt_tokens": 352046,
        "total_completion_tokens": 414808,
        "total_tokens": 766854,
        "total_cost_usd": 0.301692,
        "total_latency_ms": 4006309.07,
        "avg_latency_ms": 26185.03,
        "by_model": {
          "gpt-5-nano": {
            "calls": 153,
            "prompt_tokens": 352046,
            "completion_tokens": 414808,
            "cost_usd": 0.301692
          }
        }
      }
    ]
  }
}