{
  "type": "ranking",
  "k": 5,
  "hits_at": {
    "1": {
      "mean": 0.2727272727272727,
      "std": 0.0,
      "values": [
        0.2727272727272727
      ]
    },
    "2": {
      "mean": 0.3484848484848485,
      "std": 0.0,
      "values": [
        0.3484848484848485
      ]
    },
    "3": {
      "mean": 0.4090909090909091,
      "std": 0.0,
      "values": [
        0.4090909090909091
      ]
    },
    "4": {
      "mean": 0.48484848484848486,
      "std": 0.0,
      "values": [
        0.48484848484848486
      ]
    },
    "5": {
      "mean": 0.5606060606060606,
      "std": 0.0,
      "values": [
        0.5606060606060606
      ]
    }
  },
  "per_run": [
    {
      "total": 66,
      "k": 5,
      "hits_at": {
        "1": {
          "hits": 18,
          "accuracy": 0.2727272727272727
        },
        "2": {
          "hits": 23,
          "accuracy": 0.3484848484848485
        },
        "3": {
          "hits": 27,
          "accuracy": 0.4090909090909091
        },
        "4": {
          "hits": 32,
          "accuracy": 0.48484848484848486
        },
        "5": {
          "hits": 37,
          "accuracy": 0.5606060606060606
        }
      }
    }
  ],
  "runs": 1,
  "method": "anot",
  "data": "philly_cafes",
  "model": null,
  "attack": "typo_20",
  "usage": {
    "total_calls": 592,
    "total_prompt_tokens": 216679,
    "total_completion_tokens": 725390,
    "total_tokens": 942069,
    "total_cost_usd": 0.467736,
    "total_latency_ms": 6516440.54,
    "mean_latency_per_run_ms": 6516440.54,
    "mean_cost_per_run": 0.467736,
    "per_run": [
      {
        "total_calls": 592,
        "total_prompt_tokens": 216679,
        "total_completion_tokens": 725390,
        "total_tokens": 942069,
        "total_cost_usd": 0.467736,
        "total_latency_ms": 6516440.54,
        "avg_latency_ms": 11007.5,
        "by_model": {
          "gpt-5-nano": {
            "calls": 592,
            "prompt_tokens": 216679,
            "completion_tokens": 725390,
            "cost_usd": 0.467736
          }
        }
      }
    ]
  }
}